University,Faculty Name
economics.harvard.edu,Pol Antràs
economics.harvard.edu,Mack Carroll
economics.harvard.edu,Robert Barro
economics.harvard.edu,Augustin Bergeron
economics.harvard.edu,Emily Breza
economics.harvard.edu,John Y. Campbell
economics.harvard.edu,Polina Barker
economics.harvard.edu,Raj Chetty
economics.harvard.edu,Gabriel Chodorow-Reich
economics.harvard.edu,David M. Cutler
economics.harvard.edu,Emily Sall
economics.harvard.edu,Melissa Dell
economics.harvard.edu,Karen Dynan
economics.harvard.edu,Benjamin Enke
economics.harvard.edu,Christopher Foote
economics.harvard.edu,Richard B. Freeman
economics.harvard.edu,Richard Freeman's NBER Home page
economics.harvard.edu,Benjamin Friedman
economics.harvard.edu,Roland Fryer
economics.harvard.edu,Jason Furman
economics.harvard.edu,Xavier Gabaix
economics.harvard.edu,Edward Glaeser
economics.harvard.edu,Jamie Murray
economics.harvard.edu,Claudia Goldin
economics.harvard.edu,Yannai A. Gonczarowski
economics.harvard.edu,Jerry Green
economics.harvard.edu,Personal Webpage
economics.harvard.edu,Oliver Hart
economics.harvard.edu,Elhanan Helpman
economics.harvard.edu,Ursula Ferraro
economics.harvard.edu,Oleg Itskhoki
economics.harvard.edu,Myrto Kalouptsidi
economics.harvard.edu,Lawrence Katz
economics.harvard.edu,Gabriel Kreindler
economics.harvard.edu,David Laibson
economics.harvard.edu,Robin Lee
economics.harvard.edu,Shengwu Li
economics.harvard.edu,N. Gregory Mankiw
economics.harvard.edu,Marina Bisogno
economics.harvard.edu,Stephen Marglin
economics.harvard.edu,Eric S. Maskin
economics.harvard.edu,Marc Melitz
economics.harvard.edu,Jeffrey Miron
economics.harvard.edu,Ariel Pakes
economics.harvard.edu,Amanda Pallais
economics.harvard.edu,Eric Unverzagt
economics.harvard.edu,Matthew Rabin
economics.harvard.edu,Kenneth Rogoff
economics.harvard.edu,Amartya Sen
economics.harvard.edu,Jesse Shapiro
economics.harvard.edu,Eliza Rakaseder
economics.harvard.edu,Neil Shephard
economics.harvard.edu,Emily Palmer
economics.harvard.edu,Andrei Shleifer
economics.harvard.edu,Stefanie Stantcheva
economics.harvard.edu,Ann Richards
economics.harvard.edu,Jeremy Stein
economics.harvard.edu,James Stock
economics.harvard.edu,Ludwig Straub
economics.harvard.edu,Tomasz Strzalecki
economics.harvard.edu,Lawrence Summers
economics.harvard.edu,Elie Tamer
economics.harvard.edu,Davide Viviano
economics.harvard.edu,David Yang
economics.mit.edu,Alberto Abadie
economics.mit.edu,Daron Acemoglu
economics.mit.edu,Nikhil Agarwal
economics.mit.edu,Isaiah Andrews
economics.mit.edu,Josh Angrist
economics.mit.edu,David Atkin
economics.mit.edu,David H. Autor
economics.mit.edu,Ian Ball
economics.mit.edu,Abhijit Banerjee
economics.mit.edu,Martin Beraja
economics.mit.edu,Olivier Blanchard
economics.mit.edu,Ricardo Caballero
economics.mit.edu,Victor Chernozhukov
economics.mit.edu,Arnaud Costinot
economics.mit.edu,Peter Diamond
economics.mit.edu,Dave Donaldson
economics.mit.edu,Esther Duflo
economics.mit.edu,Sara Fisher Ellison
economics.mit.edu,Glenn Ellison
economics.mit.edu,Amy Finkelstein
economics.mit.edu,Stanley Fischer
economics.mit.edu,Drew Fudenberg
economics.mit.edu,Robert Gibbons
economics.mit.edu,Jonathan Gruber
economics.mit.edu,Jeffrey Harris
economics.mit.edu,Jerry Hausman
economics.mit.edu,Nathaniel Hendren
economics.mit.edu,Bengt Holmström
economics.mit.edu,Paul L. Joskow
economics.mit.edu,Anna Mikusheva
economics.mit.edu,Stephen Morris
economics.mit.edu,Jacob Moscona
economics.mit.edu,Sendhil Mullainathan
economics.mit.edu,Whitney Newey
economics.mit.edu,Benjamin Olken
economics.mit.edu,Parag Pathak
economics.mit.edu,Michael J. Piore
economics.mit.edu,James Poterba
economics.mit.edu,Drazen Prelec
economics.mit.edu,Ashesh Rambachan
economics.mit.edu,Nancy L. Rose
economics.mit.edu,Nina Roussille
economics.mit.edu,Tobias Salz
economics.mit.edu,Frank Schilbach
economics.mit.edu,Richard Schmalensee
economics.mit.edu,Peter Temin
economics.mit.edu,Robert M. Townsend
economics.mit.edu,William C. Wheaton
economics.mit.edu,Michael Whinston
economics.mit.edu,Christian Wolf
economics.mit.edu,Alexander Wolitzky
economics.mit.edu,Muhamet Yildiz
econ.berkeley.edu,"Auerbach, Alan J."
econ.berkeley.edu,"Backus, Matthew"
econ.berkeley.edu,"Barahona, Nano"
econ.berkeley.edu,"Caldwell, Sydnee"
econ.berkeley.edu,"DellaVigna, Stefano"
econ.berkeley.edu,"DeLong, J.Bradford"
econ.berkeley.edu,"Echenique, Federico"
econ.berkeley.edu,"Edlin, Aaron"
econ.berkeley.edu,"Eichengreen, Barry"
econ.berkeley.edu,"Ergin, Haluk"
econ.berkeley.edu,"Faber, Benjamin"
econ.berkeley.edu,"Finan, Frederico"
econ.berkeley.edu,"Gaubert, Cecile"
econ.berkeley.edu,"Goldberg, Lisa"
econ.berkeley.edu,"Gorodnichenko, Yuriy"
econ.berkeley.edu,"Gourinchas, Pierre-Olivier"
econ.berkeley.edu,"Graham, Bryan S."
econ.berkeley.edu,"Handel, Ben"
econ.berkeley.edu,"Hermalin, Benjamin E."
econ.berkeley.edu,"Hoynes, Hilary"
econ.berkeley.edu,"Jansson, Michael"
econ.berkeley.edu,"Kariv, Shachar"
econ.berkeley.edu,"Kaur, Supreet"
econ.berkeley.edu,"Kawai, Kei"
econ.berkeley.edu,"Kline, Patrick"
econ.berkeley.edu,"Kolstad, Jon"
econ.berkeley.edu,"Lian, Chen"
econ.berkeley.edu,"Malmendier, Ulrike"
econ.berkeley.edu,"Miguel, Edward"
econ.berkeley.edu,"Moretti, Enrico"
econ.berkeley.edu,"Munoz, Mathilde"
econ.berkeley.edu,"Nakamura, Emi"
econ.berkeley.edu,"Pouzo, Demian"
econ.berkeley.edu,"Rao, Gautam"
econ.berkeley.edu,"Rodríguez-Clare, Andrés"
econ.berkeley.edu,"Roland, Gérard"
econ.berkeley.edu,"Rothstein, Jesse"
econ.berkeley.edu,"Saez, Emmanuel"
econ.berkeley.edu,"Schaab, Andreas"
econ.berkeley.edu,"Schoefer, Benjamin"
econ.berkeley.edu,"Semenova, Vira"
econ.berkeley.edu,"Shannon, Chris"
econ.berkeley.edu,"Shapiro, Joseph"
econ.berkeley.edu,"Sraer, David"
econ.berkeley.edu,"Stein, Carolyn"
econ.berkeley.edu,"Steinsson, Jón"
econ.berkeley.edu,"Taubinsky, Dmitry"
econ.berkeley.edu,"Valenzuela-Stookey, Quitzé"
econ.berkeley.edu,"Walker, Reed"
econ.berkeley.edu,"Walters, Christopher"
econ.berkeley.edu,"Xu , Chenzi"
econ.berkeley.edu,"Yagan, Danny"
econ.berkeley.edu,"Zucman, Gabriel"
economics.uchicago.edu,Ufuk Akcigit
economics.uchicago.edu,Benjamin Brooks
economics.uchicago.edu,Christina Brown
economics.uchicago.edu,David Galenson
economics.uchicago.edu,Mikhail Golosov
economics.uchicago.edu,Michael Greenstone
economics.uchicago.edu,Lars Peter Hansen
economics.uchicago.edu,Arnold C. Harberger
economics.uchicago.edu,James J.  Heckman
economics.uchicago.edu,Ali Hortacsu
economics.uchicago.edu,Greg Kaplan
economics.uchicago.edu,Anne Karing
economics.uchicago.edu,Michael Kremer
economics.uchicago.edu,Thibaut Lamadon
economics.uchicago.edu,Steve Levitt
economics.uchicago.edu,John List
economics.uchicago.edu,Magne Mogstad
economics.uchicago.edu,Casey Mulligan
economics.uchicago.edu,Kevin M. Murphy
economics.uchicago.edu,Roger B. Myerson
economics.uchicago.edu,Derek A.  Neal
economics.uchicago.edu,Kirill Ponomarev
economics.uchicago.edu,Doron Ravid
economics.uchicago.edu,Philip J. Reny
economics.uchicago.edu,Eric Richert
economics.uchicago.edu,Joseph Root
economics.uchicago.edu,Evan Rose
economics.uchicago.edu,Esteban Rossi-Hansberg
economics.uchicago.edu,Azeem Shaikh
economics.uchicago.edu,Robert Shimer
economics.uchicago.edu,Nancy L. Stokey
economics.uchicago.edu,Max Tabord-Meehan
economics.uchicago.edu,Alexander Torgovitsky
economics.uchicago.edu,Harald Uhlig
economics.princeton.edu,Alicia Adsera
economics.princeton.edu,Mark A. Aguiar
economics.princeton.edu,Yacine Ait-Sahalia
economics.princeton.edu,Caio Almeida
economics.princeton.edu,Roland Benabou
economics.princeton.edu,Swati Bhatt
economics.princeton.edu,Zachary Bleemer
economics.princeton.edu,Alan S. Blinder
economics.princeton.edu,Leah Platt Boustan
economics.princeton.edu,Markus Brunnermeier
economics.princeton.edu,Smita Brunnermeier
economics.princeton.edu,Nicholas Buchholz
economics.princeton.edu,Matias Cattaneo
economics.princeton.edu,Sylvain Chassang
economics.princeton.edu,Daniel Chen
economics.princeton.edu,Natalie Cox
economics.princeton.edu,Janet M. Currie
economics.princeton.edu,Ellora Derenoncourt
economics.princeton.edu,Pascaline Dupas
economics.princeton.edu,Jianqing Fan
economics.princeton.edu,Farid Farrokhi
economics.princeton.edu,Mira Frick
economics.princeton.edu,Thomas Fujiwara
economics.princeton.edu,John R. Grigsby
economics.princeton.edu,Gene M. Grossman
economics.princeton.edu,Faruk R. Gul
economics.princeton.edu,Kate Ho
economics.princeton.edu,Bo E. Honoré
economics.princeton.edu,Ryota Iijima
economics.princeton.edu,Seema Jayachandran
economics.princeton.edu,Adam Kapor
economics.princeton.edu,Jakub Kastl
economics.princeton.edu,Nobuhiro Kiyotaki
economics.princeton.edu,Henrik J. Kleven
economics.princeton.edu,Michal Kolesár
economics.princeton.edu,Ilyana Kuziemko
economics.princeton.edu,David Lee
economics.princeton.edu,Moritz Lenel
economics.princeton.edu,Thomas C. Leonard
economics.princeton.edu,Ernest Liu
economics.princeton.edu,Alessandro Lizzeri
economics.princeton.edu,W. Bentley MacLeod
economics.princeton.edu,Atif Mian
economics.princeton.edu,Eduardo Morales
economics.princeton.edu,Xiaosheng Mu
economics.princeton.edu,Ulrich K. Müller
economics.princeton.edu,Kelly Noonan
economics.princeton.edu,Pietro Ortoleva
economics.princeton.edu,Jonathan Payne
economics.princeton.edu,Wolfgang Pesendorfer
economics.princeton.edu,Mikkel Plagborg-Moller
economics.princeton.edu,Stephen J. Redding
economics.princeton.edu,Richard Rogerson
economics.princeton.edu,Cecilia Rouse
economics.princeton.edu,Batchimeg Sambalaibat
economics.princeton.edu,Karthik Sastry
economics.princeton.edu,Maria Micaela Sviatschi
economics.princeton.edu,Can Urgun
economics.princeton.edu,Leonard Wantchekon
economics.princeton.edu,Mark W. Watson
economics.princeton.edu,Silvia Weyerbrock
economics.princeton.edu,Andrea Wilson
economics.princeton.edu,Wei Xiong
economics.princeton.edu,Leeat Yariv
economics.princeton.edu,Motohiro Yogo
economics.princeton.edu,Iqbal Zaidi
economics.princeton.edu,Owen Zidar
economics.princeton.edu,Dilip Abreu
economics.princeton.edu,Orley Ashenfelter
economics.princeton.edu,Anne C. Case
economics.princeton.edu,Gregory C. Chow
economics.princeton.edu,Sir Angus S. Deaton
economics.princeton.edu,Avinash K. Dixit
economics.princeton.edu,Henry S. Farber
economics.princeton.edu,Paul Krugman
economics.princeton.edu,Burton G. Malkiel
economics.princeton.edu,Richard E. Quandt
economics.princeton.edu,Thomas Romer
economics.princeton.edu,Harvey S. Rosen
economics.princeton.edu,Michael Rothschild
economics.princeton.edu,Harold T. Shapiro
economics.princeton.edu,Christopher A. Sims
economics.stanford.edu,Ran Abramitzky
economics.stanford.edu,Adrien Auclert
economics.stanford.edu,Kyle Bagwell
economics.stanford.edu,B. Douglas Bernheim
economics.stanford.edu,Adrien Bilal
economics.stanford.edu,Nicholas Bloom
economics.stanford.edu,Luigi Bocola
economics.stanford.edu,Michael J. Boskin
economics.stanford.edu,Arun G. Chandrasekhar
economics.stanford.edu,Jose Ignacio Cuesta
economics.stanford.edu,Mark Duggan
economics.stanford.edu,Liran Einav
economics.stanford.edu,Matthew Gentzkow
economics.stanford.edu,Robert Hall
economics.stanford.edu,Han Hong
economics.stanford.edu,Caroline Hoxby
economics.stanford.edu,Allan Hsiao
economics.stanford.edu,Matthew O. Jackson
economics.stanford.edu,Ravi Jagadeesan
economics.stanford.edu,Patrick Kehoe
economics.stanford.edu,Benny Kleinman
economics.stanford.edu,Pete Klenow
economics.stanford.edu,Jonathan Levin
economics.stanford.edu,Thomas E. MaCurdy
economics.stanford.edu,Neale Mahoney
economics.stanford.edu,Paul Milgrom
economics.stanford.edu,Melanie Morten
economics.stanford.edu,Muriel Niederle
economics.stanford.edu,Petra Persson
economics.stanford.edu,Monika Piazzesi
economics.stanford.edu,Luigi Pistaferri
economics.stanford.edu,Joseph P. Romano
economics.stanford.edu,Alvin Roth
economics.stanford.edu,Martin Schneider
economics.stanford.edu,Ilya Segal
economics.stanford.edu,Isaac Sorkin
economics.stanford.edu,John B. Taylor
economics.stanford.edu,Alessandra Voena
economics.stanford.edu,Frank Wolak
economics.yale.edu,Tony Smith
economics.yale.edu,Joseph Altonji
economics.yale.edu,Donald Andrews
economics.yale.edu,Costas Arkolakis
economics.yale.edu,Orazio Attanasio
economics.yale.edu,Dirk Bergemann
economics.yale.edu,Lauren Falcao Bergquist
economics.yale.edu,Steven Berry
economics.yale.edu,Xiaohong Chen
economics.yale.edu,Timothy Christensen
economics.yale.edu,Max Cytrynbaum
economics.yale.edu,Ray C. Fair
economics.yale.edu,Mayara Felix
economics.yale.edu,Joel Flynn
economics.yale.edu,John Geanakoplos
economics.yale.edu,Pinelopi Koujianou Goldberg
economics.yale.edu,Philip Haile
economics.yale.edu,Marina Halac
economics.yale.edu,Charles Hodgson
economics.yale.edu,John Eric Humphries
economics.yale.edu,Zhen Huo
economics.yale.edu,Gerald Jaynes
economics.yale.edu,Amit Khandelwal
economics.yale.edu,Yuichi Kitamura
economics.yale.edu,Alvin Klevorick
economics.yale.edu,Samuel Kortum
economics.yale.edu,Ilse Lindenlaub
economics.yale.edu,Elliot Lipnowski
economics.yale.edu,Giovanni Maggi
economics.yale.edu,Costas Meghir
economics.yale.edu,Mushfiq Mobarak
economics.yale.edu,Giuseppe Moscarini
economics.yale.edu,Kaivan Munshi
economics.yale.edu,Yusuke Narita
economics.yale.edu,Christopher A. Neilson
economics.yale.edu,Cormac O'Dea
economics.yale.edu,Gerard Padró i Miquel
economics.yale.edu,Rohini Pande
economics.yale.edu,Michael Peters
economics.yale.edu,Benjamin Polak
economics.yale.edu,Pascual Restrepo
economics.yale.edu,Mark Rosenzweig
economics.yale.edu,Nicholas Ryan
economics.yale.edu,Larry Samuelson
economics.yale.edu,Katja Seim
economics.yale.edu,Philipp Strack
economics.yale.edu,Aleh Tsyvinski
economics.yale.edu,Ed Vytlacil
economics.yale.edu,Fabrizio Zilibotti
econ.columbia.edu,Hassan Afrouzi
econ.columbia.edu,Douglas Almond
econ.columbia.edu,Jushan Bai
econ.columbia.edu,Michael Best
econ.columbia.edu,Jagdish N. Bhagwati
econ.columbia.edu,Sandra E. Black
econ.columbia.edu,Satyajit Bose
econ.columbia.edu,Alessandra Casella
econ.columbia.edu,Haoge Chang
econ.columbia.edu,Yeon-Koo Che
econ.columbia.edu,Graciela Chichilnisky
econ.columbia.edu,Richard Clarida
econ.columbia.edu,Donald Davis
econ.columbia.edu,Mark Dean
econ.columbia.edu,Prajit K. Dutta
econ.columbia.edu,Lena Edlund
econ.columbia.edu,Matthieu Gomez
econ.columbia.edu,Gautam Gowrisankaran
econ.columbia.edu,Harrison Hong
econ.columbia.edu,Navin Kartik
econ.columbia.edu,Wojciech Kopczuk
econ.columbia.edu,Jennifer La’O
econ.columbia.edu,Qingmin Liu
econ.columbia.edu,Tatiana Mocanu
econ.columbia.edu,Suresh Naidu
econ.columbia.edu,Serena Ng
econ.columbia.edu,Sebastian Otero
econ.columbia.edu,Andrea Prat
econ.columbia.edu,Jeffrey Sachs
econ.columbia.edu,Evan Sadler
econ.columbia.edu,Xavier Sala-i-Martin
econ.columbia.edu,Bernard Salanié
econ.columbia.edu,Stephanie Schmitt-Grohé
econ.columbia.edu,Joseph E. Stiglitz
econ.columbia.edu,Pietro Tebaldi
econ.columbia.edu,Martin Uribe
econ.columbia.edu,Miguel Urquiola
econ.columbia.edu,Eric Verhoogen
econ.columbia.edu,Ebonya Washington
econ.columbia.edu,David Weinstein
econ.columbia.edu,Jack Willis
econ.columbia.edu,Michael Woodford
econ.columbia.edu,Hassan Afrouzi
econ.columbia.edu,Douglas Almond
econ.columbia.edu,Jushan Bai
econ.columbia.edu,Michael Best
econ.columbia.edu,Jagdish N. Bhagwati
econ.columbia.edu,Sandra E. Black
econ.columbia.edu,Satyajit Bose
econ.columbia.edu,Alessandra Casella
econ.columbia.edu,Haoge Chang
econ.columbia.edu,Yeon-Koo Che
econ.columbia.edu,Graciela Chichilnisky
econ.columbia.edu,Richard Clarida
econ.columbia.edu,Donald Davis
econ.columbia.edu,Mark Dean
econ.columbia.edu,Prajit K. Dutta
econ.columbia.edu,Lena Edlund
econ.columbia.edu,Matthieu Gomez
econ.columbia.edu,Gautam Gowrisankaran
econ.columbia.edu,Harrison Hong
econ.columbia.edu,Navin Kartik
econ.columbia.edu,Wojciech Kopczuk
econ.columbia.edu,Jennifer La’O
econ.columbia.edu,Qingmin Liu
econ.columbia.edu,Tatiana Mocanu
econ.columbia.edu,Suresh Naidu
econ.columbia.edu,Serena Ng
econ.columbia.edu,Sebastian Otero
econ.columbia.edu,Andrea Prat
econ.columbia.edu,Jeffrey Sachs
econ.columbia.edu,Evan Sadler
econ.columbia.edu,Xavier Sala-i-Martin
econ.columbia.edu,Bernard Salanié
econ.columbia.edu,Stephanie Schmitt-Grohé
econ.columbia.edu,Joseph E. Stiglitz
econ.columbia.edu,Pietro Tebaldi
econ.columbia.edu,Martin Uribe
econ.columbia.edu,Miguel Urquiola
econ.columbia.edu,Eric Verhoogen
econ.columbia.edu,Ebonya Washington
econ.columbia.edu,David Weinstein
econ.columbia.edu,Jack Willis
econ.columbia.edu,Michael Woodford
as.nyu.edu,Dilip Abreu
as.nyu.edu,Thi Mai Anh Nguyen
as.nyu.edu,Arjada Bardhi
as.nyu.edu,Arielle Bernhardt
as.nyu.edu,Alberto Bisin
as.nyu.edu,Corina Boar
as.nyu.edu,Jaroslav Borovička
as.nyu.edu,Andrew Caplin
as.nyu.edu,David Cesarini
as.nyu.edu,Timothy Cogley
as.nyu.edu,Joyee Deb
as.nyu.edu,William Easterly
as.nyu.edu,Raquel Fernandez
as.nyu.edu,Christopher Flinn
as.nyu.edu,Guillaume Fréchette
as.nyu.edu,Roman Frydman
as.nyu.edu,Alfred Galichon
as.nyu.edu,Mark Gertler
as.nyu.edu,Simon Gilchrist
as.nyu.edu,Boyan Jovanovic
as.nyu.edu,Ricardo Lagos
as.nyu.edu,Lars Ljungqvist
as.nyu.edu,Sydney Ludvigson
as.nyu.edu,Erik Madsen
as.nyu.edu,Elena Manresa
as.nyu.edu,Konrad Menzel
as.nyu.edu,Guido Menzio
as.nyu.edu,Antonio Merlo
as.nyu.edu,Virgiliu Midrigan
as.nyu.edu,Yaw Nyarko
as.nyu.edu,Efe A. Ok
as.nyu.edu,David Pearce
as.nyu.edu,Diego Perez
as.nyu.edu,Alessandra Peter
as.nyu.edu,Debraj Ray
as.nyu.edu,Mario J. Rizzo
as.nyu.edu,Martin Rotemberg
as.nyu.edu,Ariel Rubinstein
as.nyu.edu,Thomas Sargent
as.nyu.edu,Yassine Sbai Sassi
as.nyu.edu,Andrew Schotter
as.nyu.edu,Ennio Stacchetti
as.nyu.edu,Sharon Traiberman
as.nyu.edu,Audrey Tiew
as.nyu.edu,Anna Vitali
as.nyu.edu,Quang Vuong
as.nyu.edu,Daniel Waldinger
as.nyu.edu,Edward Wolff
as.nyu.edu,Sevgi Yuksel
as.nyu.edu,Douglas Gale
economics.sas.upenn.edu,Karun Adusumilli
economics.sas.upenn.edu,Francesco Agostinelli
economics.sas.upenn.edu,Juan Pablo Atal
economics.sas.upenn.edu,Jere R. Behrman
economics.sas.upenn.edu,Aislinn Bohren
economics.sas.upenn.edu,Juan Camilo Castillo
economics.sas.upenn.edu,Xu Cheng
economics.sas.upenn.edu,Harold L. Cole
economics.sas.upenn.edu,Francis X. Diebold
economics.sas.upenn.edu,David Dillenberger
economics.sas.upenn.edu,Alessandro Dovis
economics.sas.upenn.edu,Hanming Fang
economics.sas.upenn.edu,Jesus Fernandez-Villaverde
economics.sas.upenn.edu,Wayne Yuan Gao
economics.sas.upenn.edu,Jeremy Greenwood
economics.sas.upenn.edu,Kevin He
economics.sas.upenn.edu,Joachim Hubmer
economics.sas.upenn.edu,Dirk Krueger
economics.sas.upenn.edu,Xiao Lin
economics.sas.upenn.edu,Jin Liu
economics.sas.upenn.edu,Margaux Luflade
economics.sas.upenn.edu,George J. Mailath
economics.sas.upenn.edu,Iourii Manovskii
economics.sas.upenn.edu,Steven Matthews
economics.sas.upenn.edu,Enrique G. Mendoza
economics.sas.upenn.edu,Aviv Nevo
economics.sas.upenn.edu,Lukas Nord
economics.sas.upenn.edu,Guillermo Ordonez
economics.sas.upenn.edu,Andrew Postlewaite
economics.sas.upenn.edu,Frank Schorfheide
economics.sas.upenn.edu,Andrew Shephard
economics.sas.upenn.edu,Holger Sieg
economics.sas.upenn.edu,Petra Todd
economics.sas.upenn.edu,Rakesh Vohra
economics.brown.edu,Anna Aizer
economics.brown.edu,Jesse Bruhn
economics.brown.edu,Kenneth Chay
economics.brown.edu,Pedro Dal Bó
economics.brown.edu,Gauti Eggertsson
economics.brown.edu,Stefano Eusepi
economics.brown.edu,Jack Fanning
economics.brown.edu,Andrew Foster
economics.brown.edu,John Friedman
economics.brown.edu,Alexandre Gaillard
economics.brown.edu,Oded Galor
economics.brown.edu,Amy Handlan
economics.brown.edu,Peter Hull
economics.brown.edu,Sebnem Kalemli-Ozcan
economics.brown.edu,Toru Kitagawa
economics.brown.edu,Brian Knight
economics.brown.edu,Soonwoo Kwon
economics.brown.edu,Spencer Kwon
economics.brown.edu,Rafael La Porta
economics.brown.edu,Lorenzo Lagos
economics.brown.edu,Glenn Loury
economics.brown.edu,Elisa Macchi
economics.brown.edu,Teddy Mekonnen
economics.brown.edu,Stelios Michalopoulos
economics.brown.edu,Andriy Norets
economics.brown.edu,Emily Oster
economics.brown.edu,Bobby Pakzad-Hurson
economics.brown.edu,Christina Paxson
economics.brown.edu,Matthew Pecenco
economics.brown.edu,Louis Putterman
economics.brown.edu,Jonathan Roth
economics.brown.edu,Kareen Rozen
economics.brown.edu,Susanne Schennach
economics.brown.edu,Roberto Serrano
economics.brown.edu,Bryce Steinberg
economics.brown.edu,Neil Thakral
economics.brown.edu,Matthew Turner
economics.brown.edu,Rajiv Vohra
economics.brown.edu,David Weil
bu.edu,Marianne Baxter
bu.edu,Joaquin Blaum
bu.edu,Christophe Chamley
bu.edu,Krishna Dasaratha
bu.edu,Randall P. Ellis
bu.edu,James Feigenbaum
bu.edu,Ivan Fernandez-Val
bu.edu,Raymond Fisman
bu.edu,Martin Fiszbein
bu.edu,Jean-Jacques Forneron
bu.edu,Santiago Franco
bu.edu,Masao Fukui
bu.edu,Stefania Garetto
bu.edu,Joshua Goodman
bu.edu,Adam Guren
bu.edu,Tarek Hassan
bu.edu,Jihye Jeon
bu.edu,Hiroaki Kaido
bu.edu,Robert G. King
bu.edu,Laurence J. Kotlikoff
bu.edu,David Lagakos
bu.edu,Kevin Lang
bu.edu,Barton Lipman
bu.edu,Ching-To Albert MA
bu.edu,Chiara Margaria
bu.edu,Robert A. Margo
bu.edu,Benjamin Marx
bu.edu,Jianjun Miao
bu.edu,Yuhei Miyauchi
bu.edu,Dilip Mookherjee
bu.edu,Pauline Mourot
bu.edu,Andrew F. Newman
bu.edu,Jawwad Noor
bu.edu,Juan Ortner
bu.edu,Daniele Paserman
bu.edu,Pierre Perron
bu.edu,Zhongjun Qu
bu.edu,Natalia Ramondo
bu.edu,Marc Rysman
bu.edu,Johannes Schmieder
bu.edu,Pankaj Tandon
dornsife.usc.edu,Joshua Aizenman
dornsife.usc.edu,Marianne Andries
dornsife.usc.edu,Marco Angrisani
dornsife.usc.edu,Timothy Armstrong
dornsife.usc.edu,Yuehao Bai
dornsife.usc.edu,Silvia Barcellos
dornsife.usc.edu,Vittorio Bassi
dornsife.usc.edu,Daniel Bennett
dornsife.usc.edu,Antonio Bento
dornsife.usc.edu,Caroline Betts
dornsife.usc.edu,Isabelle Brocas
dornsife.usc.edu,Juan Carrillo
dornsife.usc.edu,Leandro Carvalho
dornsife.usc.edu,Thomas Chaney
dornsife.usc.edu,Giorgio Coricelli
dornsife.usc.edu,Robert Dekle
dornsife.usc.edu,Michael Deprano
dornsife.usc.edu,Michael Droste
dornsife.usc.edu,Yingying Fan
dornsife.usc.edu,Titus Galama
dornsife.usc.edu,Dana Goldman
dornsife.usc.edu,Richard Green
dornsife.usc.edu,Cheng Hsiao
dornsife.usc.edu,Ayse Imrohoroglu
dornsife.usc.edu,Selahattin Imrohoroglu
dornsife.usc.edu,Matthew Kahn
dornsife.usc.edu,Arie Kapteyn
dornsife.usc.edu,Pablo Kurlat
dornsife.usc.edu,Nicolas Lambert
dornsife.usc.edu,Jinkook Lee
dornsife.usc.edu,Jonathan Libgober
dornsife.usc.edu,Michael Magill
dornsife.usc.edu,Peter Mancall
dornsife.usc.edu,Soeren Mattke
dornsife.usc.edu,Edward McCaffery
dornsife.usc.edu,Hyungsik Roger Moon
dornsife.usc.edu,Monica Morlacco
dornsife.usc.edu,Afshin Nikzad
dornsife.usc.edu,Paulina Oliva
dornsife.usc.edu,Hashem Pesaran
dornsife.usc.edu,Simon Quach
dornsife.usc.edu,Vincenzo Quadrini
dornsife.usc.edu,Romain Ranciere
dornsife.usc.edu,Geert Ridder
dornsife.usc.edu,Simone Schaner
dornsife.usc.edu,Arthur Stone
dornsife.usc.edu,John Strauss
dornsife.usc.edu,Guofu Tan
dornsife.usc.edu,Patrick Turley
dornsife.usc.edu,Jeffrey Weaver
dornsife.usc.edu,Donald Yett
economics.ucsd.edu,Titan Alon
economics.ucsd.edu,Kate Antonovics
economics.ucsd.edu,David Arnold
economics.ucsd.edu,Samuel Bazzi
economics.ucsd.edu,Eli Berman
economics.ucsd.edu,Julian R. Betts
economics.ucsd.edu,Prashant Bharadwaj
economics.ucsd.edu,Judd Boomhower
economics.ucsd.edu,Richard T. Carson
economics.ucsd.edu,Jeffrey Clemens
economics.ucsd.edu,Julie Berry Cullen
economics.ucsd.edu,Gordon B. Dahl
economics.ucsd.edu,Songzi Du
economics.ucsd.edu,Fabian Eckert
economics.ucsd.edu,Graham Elliott
economics.ucsd.edu,Itzik Fadlon
economics.ucsd.edu,Melissa Famulari
economics.ucsd.edu,Alexander Gelber
economics.ucsd.edu,Josh Graff Zivin
economics.ucsd.edu,Aram Grigoryan
economics.ucsd.edu,James D. Hamilton
economics.ucsd.edu,Juan Herreño
economics.ucsd.edu,Clemence Idoux
economics.ucsd.edu,Mark Jacobsen
economics.ucsd.edu,Nir Jaimovich
economics.ucsd.edu,Sara Lowes
economics.ucsd.edu,Xinwei Ma
economics.ucsd.edu,Katherine Meckel
economics.ucsd.edu,Marc Muendler
economics.ucsd.edu,Karthik Muralidharan
economics.ucsd.edu,Paul Niehaus
economics.ucsd.edu,Giacomo Rondina
economics.ucsd.edu,Denis Shishkin
economics.ucsd.edu,Yixiao Sun
economics.ucsd.edu,Allan Timmermann
economics.ucsd.edu,Isabel Trevino
economics.ucsd.edu,Fabian Trottner
economics.ucsd.edu,Emanuel Vespa
economics.ucsd.edu,Tom Vogl
economics.ucsd.edu,Joel Watson
economics.ucsd.edu,Johannes Wieland
economics.ucsd.edu,Steve Pak Yeung Wu
economics.ucsd.edu,Kaspar Wuthrich
economics.ucsd.edu,Ying Zhu
economics.dartmouth.edu,Treb Allen
economics.dartmouth.edu,Patricia M. Anderson
economics.dartmouth.edu,David Graham Blanchflower
economics.dartmouth.edu,Elizabeth U. Cascio
economics.dartmouth.edu,Diego Comin
economics.dartmouth.edu,Elisabeth Curtis
economics.dartmouth.edu,Maura Doyle
economics.dartmouth.edu,Eric V. Edmonds
economics.dartmouth.edu,Daniel K. Fetter
economics.dartmouth.edu,James Feyrer
economics.dartmouth.edu,Matthew W. Grant
economics.dartmouth.edu,Apoorv Gupta
economics.dartmouth.edu,Alan L. Gustman
economics.dartmouth.edu,Douglas A. Irwin
economics.dartmouth.edu,Meir Gregory Kohn
economics.dartmouth.edu,Ha Yan Lee
economics.dartmouth.edu,Andrew Levin
economics.dartmouth.edu,Ethan Gatewood Lewis
economics.dartmouth.edu,Erzo F.P. Luttmer
economics.dartmouth.edu,Madeline McKelway
economics.dartmouth.edu,Steven M. Mello
economics.dartmouth.edu,Paul Novosad
economics.dartmouth.edu,Claudia Olivetti
economics.dartmouth.edu,Nina Pavcnik
economics.dartmouth.edu,Melinda Petre
economics.dartmouth.edu,Diego Ramos-Toro
economics.dartmouth.edu,Bruce I. Sacerdote
economics.dartmouth.edu,Andrew A. Samwick
economics.dartmouth.edu,Jonathan Skinner
economics.dartmouth.edu,Christopher Snyder
economics.dartmouth.edu,Douglas O. Staiger
economics.dartmouth.edu,Robert W. Staiger
economics.dartmouth.edu,Meredith Startz
economics.dartmouth.edu,John W. Welborn
economics.dartmouth.edu,Heidi L. Williams
economics.dartmouth.edu,Angela J. Wyse
economics.dartmouth.edu,Mahounan Yedomiffi
economics.dartmouth.edu,Jonathan Zinman
economics.dartmouth.edu,Eric W. Zitzewitz
economics.dartmouth.edu,Nathan G. Zorzi
economics.dartmouth.edu,William A. Fischel
economics.dartmouth.edu,Nancy Peregrim Marion
economics.dartmouth.edu,John Troy Scott
economics.dartmouth.edu,Steven F. Venti
economics.dartmouth.edu,Jacques C. Cremer
economics.dartmouth.edu,Mauricio Fernandez Duque
economics.dartmouth.edu,Alma Gracic
economics.dartmouth.edu,Ricardo J. Salas Diaz
economics.dartmouth.edu,Yuyang Jiang
economics.dartmouth.edu,Vishan Nigam
economics.dartmouth.edu,Yulu Tang
economics.dartmouth.edu,Bashudha Dhamala
economics.dartmouth.edu,Katherine Eu
economics.dartmouth.edu,Xiang Li
economics.dartmouth.edu,Claire McMahon
economics.dartmouth.edu,Ariana Rodriguez Bruzon
economics.dartmouth.edu,Aryen Shrestha
economics.dartmouth.edu,Bridget Smith
economics.dartmouth.edu,Qirui Wang
economics.dartmouth.edu,Tianyi Zhou
economics.dartmouth.edu,John Cocklin
economics.dartmouth.edu,James Graham
economics.dartmouth.edu,Kristine M. Timlake
economics.northwestern.edu,George-Marios Angeletos
economics.northwestern.edu,Eric Auerbach
economics.northwestern.edu,Lori Beaman
economics.northwestern.edu,Vivek Bhattacharya
economics.northwestern.edu,Federico Bugni
economics.northwestern.edu,Ivan Canay
economics.northwestern.edu,Lawrence Christiano
economics.northwestern.edu,Eddie Dekel
economics.northwestern.edu,Matthias Doepke
economics.northwestern.edu,Piotr Dworczak
economics.northwestern.edu,Martin Eichenbaum
economics.northwestern.edu,Jeffrey Ely
economics.northwestern.edu,Joseph Ferrie
economics.northwestern.edu,Benjamin Golub
economics.northwestern.edu,Robert Gordon
economics.northwestern.edu,Yingni Guo
economics.northwestern.edu,W. Walker Hanlon
economics.northwestern.edu,Igal Hendel
economics.northwestern.edu,Sara Hernández-Saborit
economics.northwestern.edu,James Hornsten
economics.northwestern.edu,Joel Horowitz
economics.northwestern.edu,Gaston Illanes
economics.northwestern.edu,Kirabo Jackson
economics.northwestern.edu,Jonas Jin
economics.northwestern.edu,Dean Karlan
economics.northwestern.edu,Jeffrey Lewis
economics.northwestern.edu,Annie Liang
economics.northwestern.edu,Charles Manski
economics.northwestern.edu,Kiminori Matsuyama
economics.northwestern.edu,Joel Mokyr
economics.northwestern.edu,Scott Ogawa
economics.northwestern.edu,Wojciech Olszewski
economics.northwestern.edu,Alessandro Pavan
economics.northwestern.edu,Harry Pei
economics.northwestern.edu,Robert Porter
economics.northwestern.edu,Giorgio Primiceri
economics.northwestern.edu,Mar Reguant
economics.northwestern.edu,William Rogerson
economics.northwestern.edu,Matthew Rognlie
economics.northwestern.edu,Kunal Sangani
economics.northwestern.edu,Ian Savage
economics.northwestern.edu,Molly Schnell
economics.northwestern.edu,Eric Schulz
economics.northwestern.edu,Garima Sharma
economics.northwestern.edu,Marciano Siniscalchi
economics.northwestern.edu,Maxim Sinitsyn
economics.northwestern.edu,Bruno Strulovici
economics.northwestern.edu,Christopher Udry
economics.northwestern.edu,Silvia Vannutelli
economics.northwestern.edu,Richard Walker
economics.northwestern.edu,Mark Witte
economics.northwestern.edu,Asher Wolinsky
economics.ucla.edu,John Asker
economics.ucla.edu,Andrew Atkeson
economics.ucla.edu,Martha Bailey
economics.ucla.edu,David Baqaee
economics.ucla.edu,Natalie Bau
economics.ucla.edu,Saki Bigio
economics.ucla.edu,Alexander Bloedel
economics.ucla.edu,Simon Board
economics.ucla.edu,Ariel Burstein
economics.ucla.edu,Denis Chetverikov
economics.ucla.edu,Daniel Clark
economics.ucla.edu,Dora Costa
economics.ucla.edu,Levi Crews
economics.ucla.edu,Pablo Fajgelbaum
economics.ucla.edu,Michela Giorcelli
economics.ucla.edu,Felipe Goncalves
economics.ucla.edu,Joao Guerreiro
economics.ucla.edu,Daniel Haanwinckel
economics.ucla.edu,Martin B. Hackmann
economics.ucla.edu,Jinyong Hahn
economics.ucla.edu,Gary D. Hansen
economics.ucla.edu,Hugo Hopenhayn
economics.ucla.edu,Patrick Kennedy
economics.ucla.edu,Zhipeng Liao
economics.ucla.edu,Adriana Lleras-Muney
economics.ucla.edu,Juliana Londoño-Vélez
economics.ucla.edu,Jay Lu
economics.ucla.edu,Rosa Matzkin
economics.ucla.edu,Maurizio Mazzocco
economics.ucla.edu,Kathleen McGarry
economics.ucla.edu,Moritz Meyer-ter-Vehn
economics.ucla.edu,Ichiro Obara
economics.ucla.edu,Lee E. Ohanian
economics.ucla.edu,Sule Ozler
economics.ucla.edu,Will Rafey
economics.ucla.edu,Michael Rubens
economics.ucla.edu,Tomasz Sadzik
economics.ucla.edu,Andres Santos
economics.ucla.edu,Yotam Shem-Tov
economics.ucla.edu,Bernardo S. Silveira
economics.ucla.edu,Aaron Tornell
economics.ucla.edu,Jonathan Vogel
economics.ucla.edu,Till Von Wachter
economics.ucla.edu,Pierre-Olivier Weill
econ.msu.edu,Jeff Ackermann
econ.msu.edu,Christian Ahlin
econ.msu.edu,Soren Anderson
econ.msu.edu,Luis Araujo
econ.msu.edu,Richard Baillie
econ.msu.edu,Prabhat Barnwal
econ.msu.edu,Janice Beecher
econ.msu.edu,Hannah Bolder
econ.msu.edu,Jeff Ackermann
econ.msu.edu,Christian Ahlin
econ.msu.edu,Soren Anderson
econ.msu.edu,Luis Araujo
econ.msu.edu,Richard Baillie
econ.msu.edu,Prabhat Barnwal
econ.msu.edu,Janice Beecher
econ.msu.edu,Hannah Bolder
econ.msu.edu,Jeff Ackermann
econ.msu.edu,Christian Ahlin
econ.msu.edu,Soren Anderson
econ.msu.edu,Luis Araujo
econ.msu.edu,Richard Baillie
econ.msu.edu,Prabhat Barnwal
econ.msu.edu,Janice Beecher
econ.msu.edu,Hannah Bolder
econ.msu.edu,Jeff Ackermann
econ.msu.edu,Christian Ahlin
econ.msu.edu,Soren Anderson
econ.msu.edu,Luis Araujo
econ.msu.edu,Richard Baillie
econ.msu.edu,Prabhat Barnwal
econ.msu.edu,Janice Beecher
econ.msu.edu,Hannah Bolder
economics.cornell.edu,Amanda Agan
economics.cornell.edu,Sule Alan
economics.cornell.edu,Levon Barseghyan
economics.cornell.edu,Kaushik Basu
economics.cornell.edu,Marco Battaglini
economics.cornell.edu,Justin Bloesch
economics.cornell.edu,Lawrence Blume
economics.cornell.edu,Nicolas Bottan
economics.cornell.edu,George Boyer
economics.cornell.edu,Colleen Carey
economics.cornell.edu,Julieta Caunedo
economics.cornell.edu,John Cawley
economics.cornell.edu,Ryan Chahrour
economics.cornell.edu,Stephen Coate
economics.cornell.edu,Milena Djourelova
economics.cornell.edu,David Easley
economics.cornell.edu,Maria Fitzpatrick
economics.cornell.edu,Rick Geddes
economics.cornell.edu,Adam Harris
economics.cornell.edu,George Jakubson
economics.cornell.edu,Ravi Kanbur
economics.cornell.edu,Max Kapustin
economics.cornell.edu,Andrew Karolyi
economics.cornell.edu,Don Kenkel
economics.cornell.edu,Philipp Kircher
economics.cornell.edu,Rohit Lamba
economics.cornell.edu,Pauline Leung
economics.cornell.edu,Anran Li
economics.cornell.edu,Jeremy Lise
economics.cornell.edu,Michael Lovenheim
economics.cornell.edu,Alan Mathios
economics.cornell.edu,Douglas Miller
economics.cornell.edu,Francesca Molinari
economics.cornell.edu,Jose Luis Montiel Olea
economics.cornell.edu,Sean Nicholson
economics.cornell.edu,Kristoffer Nimark
economics.cornell.edu,Elio Nimier-David
economics.cornell.edu,Ezra Oberfield
economics.cornell.edu,Eleonora Patacchini
economics.cornell.edu,Zhuan Pei
economics.cornell.edu,Eswar Prasad
economics.cornell.edu,Chen Qiu
economics.cornell.edu,Evan Riehl
economics.cornell.edu,Nicholas Sanders
economics.cornell.edu,Seth Sanders
economics.cornell.edu,Robert Smith
economics.cornell.edu,Jason Sockin
economics.cornell.edu,Mathieu Taschereau-Dumouchel
economics.cornell.edu,Sharon Tennyson
econ.wisc.edu,Miguel Acosta
econ.wisc.edu,Naoki Aizawa
econ.wisc.edu,Simeon Alder
econ.wisc.edu,Panle Barwick
econ.wisc.edu,Benjamin Bernard
econ.wisc.edu,Job Boerma
econ.wisc.edu,John Brauer
econ.wisc.edu,Yong Cai
econ.wisc.edu,Matteo Camboni
econ.wisc.edu,Stella Chan
econ.wisc.edu,Harold Chiang
econ.wisc.edu,Menzie Chinn
econ.wisc.edu,Dean Corbae
econ.wisc.edu,Louphou Coulibaly
econ.wisc.edu,Lydia Cox
econ.wisc.edu,Raymond Deneckere
econ.wisc.edu,Charles Engel
econ.wisc.edu,Gwen Eudey
econ.wisc.edu,Fran Flanagan
econ.wisc.edu,Matt Friedman
econ.wisc.edu,Chao Fu
econ.wisc.edu,Rebecca Glawtschew
econ.wisc.edu,Jesse Gregory
econ.wisc.edu,Agustin Gutierrez
econ.wisc.edu,Bruce Hansen
econ.wisc.edu,David Hansen
econ.wisc.edu,Korinna Hansen
econ.wisc.edu,Kenneth Hendricks
econ.wisc.edu,Jean-Francois Houde
econ.wisc.edu,David Johnson
econ.wisc.edu,Karam Kang
econ.wisc.edu,John Kennan
econ.wisc.edu,Rishabh Kirpalani
econ.wisc.edu,Rasmus Lentz
econ.wisc.edu,Lorenzo Magnolfi
econ.wisc.edu,Christopher McKelvey
econ.wisc.edu,Corina Mommaerts
econ.wisc.edu,Martin O'Connell
econ.wisc.edu,Jack Porter
econ.wisc.edu,Daniel Quint
econ.wisc.edu,Steven Rick
econ.wisc.edu,Fernanda Rojas-Ampuero
econ.wisc.edu,Marzena Rostek
econ.wisc.edu,Kim Ruhl
econ.wisc.edu,Laura Schechter
econ.wisc.edu,Ananth Seshadri
econ.wisc.edu,Xiaoxia Shi
econ.wisc.edu,Jeffrey Smith
econ.wisc.edu,Lones Smith
econ.wisc.edu,Alan Sorensen
econ.wisc.edu,Christopher Sullivan
econ.wisc.edu,Ashley Swanson
econ.wisc.edu,Christopher Taber
econ.wisc.edu,Steve Trost
econ.wisc.edu,Marek Weretka
econ.wisc.edu,Kenneth West
econ.wisc.edu,Randall Wright
econ.wisc.edu,Alice Wu
econ.wisc.edu,Kohei Yata
economics.ucdavis.edu,Paul Bergin
economics.ucdavis.edu,Marianne Bitler
economics.ucdavis.edu,Giacomo Bonanno
economics.ucdavis.edu,James Bushnell
economics.ucdavis.edu,A. Colin Cameron
economics.ucdavis.edu,Nicolas Caramp
economics.ucdavis.edu,Andres Carvajal
economics.ucdavis.edu,Anujit Chakraborty
economics.ucdavis.edu,James Cloyne
economics.ucdavis.edu,Katherine Eriksson
economics.ucdavis.edu,Athanasios Geromichalos
economics.ucdavis.edu,Xian Jiang
economics.ucdavis.edu,Oscar Jorda
economics.ucdavis.edu,Emile Marin
economics.ucdavis.edu,Christopher Meissner
economics.ucdavis.edu,Diana Moreira
economics.ucdavis.edu,Erich Muehlegger
economics.ucdavis.edu,Marianne Page
economics.ucdavis.edu,Giovanni Peri
economics.ucdavis.edu,Dave Rapson
economics.ucdavis.edu,Arman Rezaee
economics.ucdavis.edu,Katheryn Russ
economics.ucdavis.edu,Burkhard Schipper
economics.ucdavis.edu,Christoph Schlom
economics.ucdavis.edu,Shu Shen
economics.ucdavis.edu,Ina Simonovska
economics.ucdavis.edu,Sanjay Singh
economics.ucdavis.edu,Monica Singhal
economics.ucdavis.edu,Jenna Stearns
economics.ucdavis.edu,Derek Stimel
economics.ucdavis.edu,Deborah Swenson
economics.ucdavis.edu,Takuya Ura
economics.ucdavis.edu,Janine Wilson
